;;;;;;;;;;;;;;;;;;;;;;;
;Sprint N°1;;;;;;;;;;;;;;;;;;;;;;
;;;;;;;;;;;;;;;;;;;;;;;
N° Épica;Definición de Épica;;H.U.;Detalle H.U;;Tareas;Detalle;;;;;;;;;;;;;;;;
1;Redacción de una Plataforma de Recetas Internacional;;H.U. 1;Agregar Nuevas recetas;;T1;Creación  store procedure que a inserta data en la base de datos;;;;;;;;;;;;;;;;
;;;;;;T2;Desarrollo microservicio  agregaproductos.ms;;;;;;;;;;;;;;;;
;;;;;;T3;Desarrollo Front End  React P1.;;;;;;;;;;;;;;;;
;;;;;;T4;Desarrollo Front End  React P2;;;;;;;;;;;;;;;;
;;;;;;T5;Desarrollo Front End  React P3;;;;;;;;;;;;;;;;
;;;;;;T6;Pruebas unitarias.;;;;;;;;;;;;;;;;
;;;;;;T7;Automatización Pruebas Q.A;;;;;;;;;;;;;;;;
;;;;;;;;;;;;;;;;;;;;;;;
;;;H.U.2;Modificar Receta;;T1;"Creación  store procedure que actualiza la data							 en la base de datos";;;;;;;;;;;;;;;;
;;;;;;T2;Desarrollo microservicio  modificaproductos.ms;;;;;;;;;;;;;;;;
;;;;;;T3;Desarrollo Front End  React P1;;;;;;;;;;;;;;;;
;;;;;;T4;Desarrollo Front End  React P2;;;;;;;;;;;;;;;;
;;;;;;T5;Desarrollo Front End  React P3;;;;;;;;;;;;;;;;
;;;;;;T6;Pruebas unitarias;;;;;;;;;;;;;;;;
;;;;;;T7;Automatización Pruebas Q.A;;;;;;;;;;;;;;;;
;;;;;;;;;;;;;;;;;;;;;;;
;;;H.U.3;Actualizar Receta;;T1;Creación  store procedure que actualiza la data en la base de datos.;;;;;;;;;;;;;;;;
;;;;;;T2;Desarrollo microservicio  modificarecetas.ms;;;;;;;;;;;;;;;;
;;;;;;T3;Desarrollo Front End  React P1;;;;;;;;;;;;;;;;
;;;;;;T4;Desarrollo Front End  React P2;;;;;;;;;;;;;;;;
;;;;;;T5;Desarrollo Front End  React P3;;;;;;;;;;;;;;;;
;;;;;;T6;Pruebas unitarias;;;;;;;;;;;;;;;;
;;;;;;T7;Automatización Pruebas Q.A.;;;;;;;;;;;;;;;;
;;;;;;;;;;;;;;;;;;;;;;;
;;;H.U.4;Eliminar Receta;;T1;"Creación  store procedure que Elimina la data							 en la base de datos.";;;;;;;;;;;;;;;;
;;;;;;T2;Desarrollo microservicio  eliminarrecetas.ms;;;;;;;;;;;;;;;;
;;;;;;T3;Desarrollo Front End  React P1;;;;;;;;;;;;;;;;
;;;;;;T4;Desarrollo Front End  React P2;;;;;;;;;;;;;;;;
;;;;;;T5;Desarrollo Front End  React P3;;;;;;;;;;;;;;;;
;;;;;;T6;Pruebas unitarias;;;;;;;;;;;;;;;;
;;;;;;T7;Automatización Pruebas Q.A.;;;;;;;;;;;;;;;;
;;;;;;;;;;;;;;;;;;;;;;;
;;;H.U.17;Realizar Publicaciones;;T1;Crear store procedure para realizar publicaciones.;;;;;;;;;;;;;;;;
;;;;;;T2;Desarrollar microservicio para publicaciones.;;;;;;;;;;;;;;;;
;;;;;;T3;Implementar frontend en React P1 para publicaciones.;;;;;;;;;;;;;;;;
;;;;;;T4;Implementar frontend en React P2 para publicaciones.;;;;;;;;;;;;;;;;
;;;;;;T5;Implementar frontend en React P3 para publicaciones.;;;;;;;;;;;;;;;;
;;;;;;T6;Realizar pruebas unitarias para publicaciones.;;;;;;;;;;;;;;;;
;;;;;;T7;Automatizar pruebas de calidad para publicaciones.;;;;;;;;;;;;;;;;
;;;;;;;;;;;;;;;;;;;;;;;
;;;H.U.17;Actualizar información de recetas;;T1;Generar una página donde se ingrese la información de los productos;;;;;;;;;;;;;;;;
;;;;;;T2;Generar una API de los productos;;;;;;;;;;;;;;;;
;;;;;;T3;Crear un botón que genere la actualización de la información de los productos;;;;;;;;;;;;;;;;
;;;;;;T4;ntegrar la información a la base de datos;;;;;;;;;;;;;;;;
;;;;;;T5;Implementar frontend en React P3 para actualizar recetas.;;;;;;;;;;;;;;;;
;;;;;;T6;Realizar pruebas unitarias para actualizar recetas.;;;;;;;;;;;;;;;;
;;;;;;T7;Automatizar pruebas de calidad para actualizar recetas.;;;;;;;;;;;;;;;;
;;;;;;;;;;;;;;;;;;;;;;;
;;;H.U.20;Seguimiento de la receta;;T1;Crear store procedure para seguimiento de recetas.;;;;;;;;;;;;;;;;
;;;;;;T2;Desarrollar microservicio para seguimiento de recetas.;;;;;;;;;;;;;;;;
;;;;;;T3;Implementar frontend en React P1 para seguimiento de recetas.;;;;;;;;;;;;;;;;
;;;;;;T4;Implementar frontend en React P2 para seguimiento de recetas.;;;;;;;;;;;;;;;;
;;;;;;T5;Implementar frontend en React P3 para seguimiento de recetas.;;;;;;;;;;;;;;;;
;;;;;;T6;Realizar pruebas unitarias para seguimiento de recetas.;;;;;;;;;;;;;;;;
;;;;;;T7;Automatizar pruebas de calidad para seguimiento de recetas.;;;;;;;;;;;;;;;;
;;;;;;;;;;;;;;;;;;;;;;;
2;Fortalecimiento de la Seguridad de la Plataforma;;H.U.10;Registrarse;;T1;Creación store procedure que crea al usuario del perfil;;;;;;;;;;;;;;;;
;;;;;;T2;Desarrollo microservicio registrarse.ms;;;;;;;;;;;;;;;;
;;;;;;T3;Desarrollo Front End React P1;;;;;;;;;;;;;;;;
;;;;;;T4;Desarrollo Front End React P2;;;;;;;;;;;;;;;;
;;;;;;T5;Desarrollo Front End React P3;;;;;;;;;;;;;;;;
;;;;;;T6;Pruebas unitarias;;;;;;;;;;;;;;;;
;;;;;;T7;Automatización Pruebas Q.A.;;;;;;;;;;;;;;;;
;;;;;;;;;;;;;;;;;;;;;;;
;;;H.U.11;Iniciar Sesión;;T1;Creación de store procedure que permite la validación del usuario, contraseña y el perfil. Consulta de la información de la base de datos;;;;;;;;;;;;;;;;
;;;;;;T2;Desarrollo microservicio login.ms;;;;;;;;;;;;;;;;
;;;;;;T3;Desarrollo Front End React P1;;;;;;;;;;;;;;;;
;;;;;;T4;Desarrollo Front End React P2;;;;;;;;;;;;;;;;
;;;;;;T5;Desarrollo Front End React P3;;;;;;;;;;;;;;;;
;;;;;;T6;Pruebas unitarias;;;;;;;;;;;;;;;;
;;;;;;T7;Automatización Pruebas Q.A.;;;;;;;;;;;;;;;;
;;;;;;;;;;;;;;;;;;;;;;;
;;;H.U.12;Cerrar Sesión;;T1;Creación del store procedure que permite cerrar la sesión del perfil y cierra la conexión a la base de datos.;;;;;;;;;;;;;;;;
;;;;;;T2;Desarrollo microservicio cerrarSesion.ms;;;;;;;;;;;;;;;;
;;;;;;T3;Desarrollo Front End React P1;;;;;;;;;;;;;;;;
;;;;;;T4;Desarrollo Front End React P2;;;;;;;;;;;;;;;;
;;;;;;T5;Desarrollo Front End React P3;;;;;;;;;;;;;;;;
;;;;;;T6;Pruebas unitaria;;;;;;;;;;;;;;;;
;;;;;;T7;Automatización Pruebas Q.A.;;;;;;;;;;;;;;;;
;;;;;;;;;;;;;;;;;;;;;;;
;;;H.U.13;Proteger datos de usuarReact P2;;T1;Permite generar token de seguridad del usuario a la conexión de la base de datos;;;;;;;;;;;;;;;;
;;;;;;T2;Desarrollo microservicio token.ms;;;;;;;;;;;;;;;;
;;;;;;T3;Desarrollo Front End React P1;;;;;;;;;;;;;;;;
;;;;;;T4;Desarrollo Front End React P2;;;;;;;;;;;;;;;;
;;;;;;T5;Desarrollo Front End React P3;;;;;;;;;;;;;;;;
;;;;;;T6;Pruebas unitarias;;;;;;;;;;;;;;;;
;;;;;;T7;Automatización Pruebas Q.A.;;;;;;;;;;;;;;;;
;;;;;;;;;;;;;;;;;;;;;;;
;;;H.U.23;Generar protección de datos personales;;T1;Permite generar token de seguridad de datos y la conexión a la base de datos;;;;;;;;;;;;;;;;
;;;;;;T2;Desarrollo microservicio tokenDatos.ms;;;;;;;;;;;;;;;;
;;;;;;T3;Desarrollo Front End React P1;;;;;;;;;;;;;;;;
;;;;;;T4;Desarrollo Front End React P2;;;;;;;;;;;;;;;;
;;;;;;T5;Desarrollo Front End React P3;;;;;;;;;;;;;;;;
;;;;;;T6;Pruebas unitarias;;;;;;;;;;;;;;;;
;;;;;;T7;Automatización Pruebas Q.A.;;;;;;;;;;;;;;;;
;;;;;;;;;;;;;;;;;;;;;;;
;Sprint 2;;;;;;;;;;;;;;;;;;;;;;
;;;H.U.;Detalle H.U;;Tareas;Detalle;;;;;;;;;;;;;;;;
N° Épica;Definición de Épica;;;;;;;;;;;;;;;;;;;;;;
3;Mejora de la Logística para la Comunidad;;H.U.23;Gestionar Recetas;;T1;"Creación  store procedure que gestiona recetas
 y consulta de la data en la base de datos.";;;;;;;;;;;;;;;;
;;;;;;T2;Desarrollo microservicio  grecetas.ms;;;;;;;;;;;;;;;;
;;;;;;T3;Desarrollo Front End  React P1 ;;;;;;;;;;;;;;;;
;;;;;;T4;Desarrollo Front End  React P2;;;;;;;;;;;;;;;;
;;;;;;T5;Desarrollo Front End  React P3;;;;;;;;;;;;;;;;
;;;;;;T6;Pruebas unitarias;;;;;;;;;;;;;;;;
;;;;;;T7;Automatización Pruebas Q.A.;;;;;;;;;;;;;;;;
;;;;;;;;;;;;;;;;;;;;;;;
;;;H.U.6;Generar informes de Publicaciones de Recetas;;T1;Crear store procedure para informes de publicaciones.;;;;;;;;;;;;;;;;
;;;;;;T2;Desarrollar microservicio para informes de publicaciones.;;;;;;;;;;;;;;;;
;;;;;;T3;Implementar frontend en React P1 para informes de publicaciones.;;;;;;;;;;;;;;;;
;;;;;;T4;Implementar frontend en React P2 para informes de publicaciones.;;;;;;;;;;;;;;;;
;;;;;;T5;Implementar frontend en React P3 para informes de publicaciones.;;;;;;;;;;;;;;;;
;;;;;;T6;Realizar pruebas unitarias para informes de publicaciones.;;;;;;;;;;;;;;;;
;;;;;;T7;Automatizar pruebas de calidad para informes de publicaciones.;;;;;;;;;;;;;;;;
;;;;;;;;;;;;;;;;;;;;;;;
4;Diseño de una Interfaz de Usuario Intuitiva;;H.U.8;Personalizar Perfil;;T1;Creación de store procedure que permisos y accesos del perfil y consulta de información en la base de datos;;;;;;;;;;;;;;;;
;;;;;;T2;Desarrollo microservicio permisoPerfil.ms;;;;;;;;;;;;;;;;
;;;;;;T3;Desarrollo Front End React P1;;;;;;;;;;;;;;;;
;;;;;;T4;Desarrollo Front End React P2;;;;;;;;;;;;;;;;
;;;;;;T5;Desarrollo Front End React P3;;;;;;;;;;;;;;;;
;;;;;;T6;Pruebas unitarias;;;;;;;;;;;;;;;;
;;;;;;T7;Automatización Pruebas Q.A.;;;;;;;;;;;;;;;;
;;;;;;;;;;;;;;;;;;;;;;;
;;;H.U.9;Crear Perfil;;T1;Crear store procedure para crear perfil de usuario.;;;;;;;;;;;;;;;;
;;;;;;T2;Desarrollar microservicio para crear perfil.;;;;;;;;;;;;;;;;
;;;;;;T3;Implementar frontend en React P1 para crear perfil.;;;;;;;;;;;;;;;;
;;;;;;T4;Implementar frontend en React P2 para crear perfil.;;;;;;;;;;;;;;;;
;;;;;;T5;Implementar frontend en React P3 para crear perfil.;;;;;;;;;;;;;;;;
;;;;;;T6;Realizar pruebas unitarias para crear perfil.;;;;;;;;;;;;;;;;
;;;;;;T7;Automatizar pruebas de calidad para crear perfil.;;;;;;;;;;;;;;;;
;;;;;;;;;;;;;;;;;;;;;;;
;;;H.U.21;Acceder a la Plataforma;;T1;Diseñar login para VS;;;;;;;;;;;;;;;;
;;;;;;T2;Crear página a través de JS/CSS/HTML con temática de la empresa;;;;;;;;;;;;;;;;
;;;;;;T3;Ingresarle formulario de ingreso de usuario y contraseña;;;;;;;;;;;;;;;;
;;;;;;T4;Crear sistema para verificar que uno no es robot;;;;;;;;;;;;;;;;
;;;;;;T5;Crear botón para ingresar;;;;;;;;;;;;;;;;
;;;;;;T6;Integrar la base de datos al login;;;;;;;;;;;;;;;;
;;;;;;T7;Automatizar pruebas de calidad para acceso a la plataforma.;;;;;;;;;;;;;;;;
;;;;;;;;;;;;;;;;;;;;;;;
;;;H.U.24;Desarrollar interfaz amigable/intuitiva;;T1;Diseñar prototipo de interfaz amigable.;;;;;;;;;;;;;;;;
;;;;;;T2;Implementar diseño de interfaz en React P1.;;;;;;;;;;;;;;;;
;;;;;;T3;Implementar diseño de interfaz en React P2.;;;;;;;;;;;;;;;;
;;;;;;T4;Implementar diseño de interfaz en React P3.;;;;;;;;;;;;;;;;
;;;;;;T5;Realizar pruebas de usabilidad de la interfaz.;;;;;;;;;;;;;;;;
;;;;;;T6;Recibir feedback de usuarReact P2 y ajustar diseño.;;;;;;;;;;;;;;;;
;;;;;;T7;Automatizar pruebas de calidad para la interfaz.;;;;;;;;;;;;;;;;
;;;;;;;;;;;;;;;;;;;;;;;
5;Ampliación del Alcance Digital de la Plataforma;;H.U.7;Recibir Notificaciones Automáticas;;T1;Crea el store procedure, las notificaciones y la conexión a la base de datos;;;;;;;;;;;;;;;;
;;;;;;T2;Desarrollo microservicio notificaciones.ms;;;;;;;;;;;;;;;;
;;;;;;T3;Desarrollo Front End React P1;;;;;;;;;;;;;;;;
;;;;;;T4;Desarrollo Front End React P2;;;;;;;;;;;;;;;;
;;;;;;T5;Desarrollo Front End React P3;;;;;;;;;;;;;;;;
;;;;;;T6;Pruebas unitarias;;;;;;;;;;;;;;;;
;;;;;;T7;Automatización Pruebas Q.A.;;;;;;;;;;;;;;;;
;;;;;;;;;;;;;;;;;;;;;;;
;;;H.U.19;Generar Notificaciones;;T1;Creación del store procedure para las notificaciones y la conexión a la base de datos.;;;;;;;;;;;;;;;;
;;;;;;T2;Desarrollo microservicio generaNotificaciones.ms;;;;;;;;;;;;;;;;
;;;;;;T3;Desarrollo Front End React P1;;;;;;;;;;;;;;;;
;;;;;;T4;Desarrollo Front End React P2;;;;;;;;;;;;;;;;
;;;;;;T5;Desarrollo Front End React P3;;;;;;;;;;;;;;;;
;;;;;;T6;Pruebas unitaria;;;;;;;;;;;;;;;;
;;;;;;T7;Automatización Pruebas Q.A.;;;;;;;;;;;;;;;;
;;;;;;;;;;;;;;;;;;;;;;;
;;;;;;;;;;;;;;;;;;;;;;;
;;;;;;;;;;;;;;;;;;;;;;;
;Sprint 3;;;;;;;;;;;;;;;;;;;;;;
;;;H.U.;Detalle H.U;;Tareas;Detalle;;;;;;;;;;;;;;;;
N° Épica;Definición de Épica;;;;;;;;;;;;;;;;;;;;;;
6;Optimización de la Infraestructura para Escalabilidad;;H.U.22;Compatibilizar con tecnologías de asistencia;;T1;Crear store procedure para compatibilidad de asistencia.;;;;;;;;;;;;;;;;
;;;;;;T2;Desarrollar microservicio para compatibilidad de asistencia.;;;;;;;;;;;;;;;;
;;;;;;T3;Implementar frontend en React P1 para tecnologías de asistencia.;;;;;;;;;;;;;;;;
;;;;;;T4;Implementar frontend en React P2 para tecnologías de asistencia.;;;;;;;;;;;;;;;;
;;;;;;T5;Implementar frontend en React P3 para tecnologías de asistencia.;;;;;;;;;;;;;;;;
;;;;;;T6;Realizar pruebas de accesibilidad.;;;;;;;;;;;;;;;;
;;;;;;T7;Automatizar pruebas de calidad para tecnologías de asistencia.;;;;;;;;;;;;;;;;
;;;;;;;;;;;;;;;;;;;;;;;
;;;H.U.25;Incorporar Base de datos;;T1;Diseñar esquema de base de datos.;;;;;;;;;;;;;;;;
;;;;;;T2;Crear store procedure para interacción con la base de datos.;;;;;;;;;;;;;;;;
;;;;;;T3;Desarrollar microservicio para gestión de base de datos.;;;;;;;;;;;;;;;;
;;;;;;T4;Implementar conexión de frontend en React P1 con la base de datos.;;;;;;;;;;;;;;;;
;;;;;;T5;Implementar conexión de frontend en React P2 con la base de datos.;;;;;;;;;;;;;;;;
;;;;;;T6;Implementar conexión de frontend en React P3 con la base de datos.;;;;;;;;;;;;;;;;
;;;;;;T7;Realizar pruebas de integridad de la base de datos.;;;;;;;;;;;;;;;;
;;;;;;;;;;;;;;;;;;;;;;;
7;Provisión de Herramientas de Análisis y Reportes;;H.U.14;Monitorizar el rendimiento del Sistema;;T1;Crear store procedure para monitorización del sistema.;;;;;;;;;;;;;;;;
;;;;;;T2;Desarrollar microservicio para monitorización del sistema.;;;;;;;;;;;;;;;;
;;;;;;T3;Implementar frontend en React P1 para monitorización.;;;;;;;;;;;;;;;;
;;;;;;T4;Implementar frontend en React P2 para monitorización.;;;;;;;;;;;;;;;;
;;;;;;T5;Implementar frontend en React P3 para monitorización.;;;;;;;;;;;;;;;;
;;;;;;T6;Realizar pruebas unitarias para monitorización.;;;;;;;;;;;;;;;;
;;;;;;T7;Automatizar pruebas de calidad para monitorización.;;;;;;;;;;;;;;;;
;;;;;;;;;;;;;;;;;;;;;;;
;;;H.U.15;Establecer Políticas de Moderación;;T1;Crear store procedure para políticas de moderación.;;;;;;;;;;;;;;;;
;;;;;;T2;Desarrollar microservicio para políticas de moderación.;;;;;;;;;;;;;;;;
;;;;;;T3;Implementar frontend en React P1 para políticas de moderación.;;;;;;;;;;;;;;;;
;;;;;;T4;Implementar frontend en React P2 para políticas de moderación.;;;;;;;;;;;;;;;;
;;;;;;T5;Implementar frontend en React P3 para políticas de moderación.;;;;;;;;;;;;;;;;
;;;;;;T6;Realizar pruebas unitarias para políticas de moderación.;;;;;;;;;;;;;;;;
;;;;;;T7;Automatizar pruebas de calidad para políticas de moderación.;;;;;;;;;;;;;;;;
;;;;;;;;;;;;;;;;;;;;;;;
;;;H.U.16;Generar Informes de Sistema;;T1;Crear store procedure para generación de informes del sistema.;;;;;;;;;;;;;;;;
;;;;;;T2;Desarrollar microservicio para generación de informes.;;;;;;;;;;;;;;;;
;;;;;;T3;Generar una página dónde se pueda acceder a los informes;;;;;;;;;;;;;;;;
;;;;;;T4;Generar una API con la información de las ventas;;;;;;;;;;;;;;;;
;;;;;;T5;Integrar la API por medio de JSON a la página;;;;;;;;;;;;;;;;
;;;;;;T6;Realizar pruebas unitarias para informes del sistema.;;;;;;;;;;;;;;;;
;;;;;;T7;Automatizar pruebas de calidad para informes del sistema.;;;;;;;;;;;;;;;;
;;;;;;;;;;;;;;;;;;;;;;;
;;;;;;;;;;;;;;;;;;;;;;;
;;;;;;;;;;;;;;;;;;;;;;;
;;;;;;;;;;;;;;;;;;;;;;;
;;;;;;;;;;;;;;;;;;;;;;;
;;;;;;;;;;;;;;;;;;;;;;;
;;;;;;;;;;;;;;;;;;;;;;;
;;;;;;;;;;;;;;;;;;;;;;;
;;;;;;;;;;;;;;;;;;;;;;;
;;;;;;;;;;;;;;;;;;;;;;;
;;;;;;;;;;;;;;;;;;;;;;;
;;;;;;;;;;;;;;;;;;;;;;;
;;;;;;;;;;;;;;;;;;;;;;;
;;;;;;;;;;;;;;;;;;;;;;;
;;;;;;;;;;;;;;;;;;;;;;;
;;;;;;;;;;;;;;;;;;;;;;;
;;;;;;;;;;;;;;;;;;;;;;;
;;;;;;;;;;;;;;;;;;;;;;;
;;;;;;;;;;;;;;;;;;;;;;;
;;;;;;;;;;;;;;;;;;;;;;;
;;;;;;;;;;;;;;;;;;;;;;;
;;;;;;;;;;;;;;;;;;;;;;;
;;;;;;;;;;;;;;;;;;;;;;;
;;;;;;;;;;;;;;;;;;;;;;;
;;;;;;;;;;;;;;;;;;;;;;;
;;;;;;;;;;;;;;;;;;;;;;;
;;;;;;;;;;;;;;;;;;;;;;;
;;;;;;;;;;;;;;;;;;;;;;;
;;;;;;;;;;;;;;;;;;;;;;;
;;;;;;;;;;;;;;;;;;;;;;;
;;;;;;;;;;;;;;;;;;;;;;;
;;;;;;;;;;;;;;;;;;;;;;;
;;;;;;;;;;;;;;;;;;;;;;;
;;;;;;;;;;;;;;;;;;;;;;;
;;;;;;;;;;;;;;;;;;;;;;;
;;;;;;;;;;;;;;;;;;;;;;;
;;;;;;;;;;;;;;;;;;;;;;;
;;;;;;;;;;;;;;;;;;;;;;;
;;;;;;;;;;;;;;;;;;;;;;;
;;;;;;;;;;;;;;;;;;;;;;;
;Historia;Tarea;Horas estimadas;;Horas realizadas por día;;;;;;Estado;;;;;;;;;;;;
;;;;Responsable;1;2;3;4;5;Total;(A/R);;;;;;;;;;;;
;H.U.1;Agregar Nuevas Recetas;5 hrs;Claudio Sánchez;1;1;1;1;1;5;;;;;;;;;;;;;
;H.U.2;Modificar Recetas;5 hrs;Claudio Sánchez;1;1;1;1;1;5;;;;;;;;;;;;;
;H.U.3;Actualizar Recetas;5 hrs;Ítalo Brignardello;1;1;1;1;1;5;;;;;;;;;;;;;
;H.U.4;Eliminar Recetas;5 hrs;Claudio Sánchez;1;1;1;1;1;5;;;;;;;;;;;;;
;H.U.5;Gestionar Recetas;5 hrs;Ítalo Brignardello;1;1;1;1;1;5;;;;;;;;;;;;;
;H.U.6;Generar informes de publicaciones de recetas;10 hrs;Claudio Sánchez;2;2;2;2;2;10;;;;;;;;;;;;;
;H.U.7;Recibir notificaciones automáticas;10 hrs;Ítalo Brignardello;2;2;2;2;2;10;;;;;;;;;;;;;
;H.U.8;Personalizar Perfil;10 hrs;Ítalo Brignardello;2;2;2;2;2;10;;;;;;;;;;;;;
;H.U.9;Crear perfil;5 hrs;Claudio Sánchez;1;1;1;1;1;5;;;;;;;;;;;;;
;H.U.10;Registrarse;5 hrs;Claudio Sánchez;1;1;1;1;1;5;;;;;;;;;;;;;
;H.U.11;Iniciar Sesión;5 hrs;Claudio Sánchez;1;1;1;1;1;5;;;;;;;;;;;;;
;H.U.12;Cerrar Sesión;5 hrs;Claudio Sánchez;1;1;1;1;1;5;;;;;;;;;;;;;
;H.U.13;Proteger datos de usuarReact P2;5 hrs;Ítalo Brignardello;1;1;1;1;1;5;;;;;;;;;;;;;
;H.U.14;Monitorizar el rendimiento del sistema.;10 hrs;Ítalo Brignardello;2;2;2;2;2;10;;;;;;;;;;;;;
;H.U.15;Establecer políticas de moderación.;10 hrs;Ítalo Brignardello;2;2;2;2;2;10;;;;;;;;;;;;;
;H.U.16;Generar informes de sistema;5 hrs;Ítalo Brignardello;1;1;1;1;1;5;;;;;;;;;;;;;
;H.U.17;Realizar publicaciones;10 hrs;Claudio Sánchez;2;2;2;2;2;10;;;;;;;;;;;;;
;H.U.18;Actualizar información de recetas;10 hrs;Claudio Sánchez;2;2;2;2;2;10;;;;;;;;;;;;;
;H.U.19;Generar notificaciones;5 hrs;Ítalo Brignardello;1;1;1;1;1;5;;;;;;;;;;;;;
;H.U.20;Seguimiento de la receta;5 hrs;Ítalo Brignardello;1;1;1;1;1;5;;;;;;;;;;;;;
;H.U.21;Acceder a plataforma;5 hrs;Claudio Sánchez;1;1;1;1;1;5;;;;;;;;;;;;;
;H.U.22;Compatibilizar con tecnologías de asistencia;10 hrs;Claudio Sánchez;2;2;2;2;2;10;;;;;;;;;;;;;
;H.U.23;Generar protección de datos personales;9 hrs;Ítalo Brignardello;2;2;2;2;2;10;;;;;;;;;;;;;
;H.U.24;Desarrollar interfaz amigable/intuitiva;10 hrs;Ítalo Brignardello;2;2;2;2;2;10;;;;;;;;;;;;;
;H.U.25;Incorporar base de datos;20 hrs;Claudio Sanchez y Ítalo Brignardello;4;4;4;4;4;20;;;;;;;;;;;;;
;;;;;;;;;;;;;;;;;;;;;;;
;;;CS;12;;;;;;190;760;;;;;;;;;;;;
;;;PQ;12;;;;;;;;;;;;;;;;;;;
;;;DS;9;;;;;;;;;;;;;;;;;;;
;;;JH;8;;;;;;;;;;;;;;;;;;;
;;;;;;;;;;;;;;;;;;;;;;;
;;;Semanal;Mensual;;;Diario;Semanal;Mensual;;;;;;;;;;;;;;
;;Diario;25;100;Sprint 2;CS;4;20;80;;;;;;;;;;;;;;
Sprint 1;CS;5;35;140;;PQ;5;25;100;;;;;;;;;;;;;;
;PQ;7;5;20;;DS;0;0;0;;;;;;;;;;;;;;
;DS;1;10;40;;JH;0;0;0;;;;;;;;;;;;;;
;JH;2;;300;;;;;;;;;;;;;;;;;;;
;;;;;;;Diario;Semanal;Mensual;;;;;;;;;;;;;;
;;;;;Sprint 3;CS;0;0;0;;;;;;;;;;;;;;
;;;;;;PQ;0;0;0;;;;;;;;;;;;;;
;;;;;;DS;8;40;160;;;;;;;;;;;;;;
;;;;;;JH;0;0;0;;;;;;;;;;;;;;
;;;;;;;;;;;;;;;;;;;;;;;
;;;;;;;;;;;;;;;;;;;;;;;
;;;;;;;;;;;;;;;;;;;;;;;
;;;;;;;;;;;;;;;;;;;;;;;
;;;;;;;;;;;;;;;;;;;;;;;
;;;;;;;;;;;;;;;;;;;;;;;
;;;;;;;;;;;;;;;;;;;;;;;
;;;;;;;;;;;;;;;;;;;;;;;
;;;;;;;;;;;;;;;;;;;;;;;
;;;;;;;;;;;;;;;;;;;;;;;
;;;;;;;;;;;;;;;;;;;;;;;
;;;;;;;;;;;;;;;;;;;;;;;
;;;;;;;;;;;;;;;;;;;;;;;
;;;;;;;;;;;;;;;;;;;;;;;
;;;;;;;;;;;;;;;;;;;;;;;
;;;;;;;;;;;;;;;;;;;;;;;
;;;;;;;;;;;;;;;;;;;;;;;
;;;;;;;;;;;;;;;;;;;;;;;
;;;;;;;;;;;;;;;;;;;;;;;
;;;;;;;;;;;;;;;;;;;;;;;
;;;;;;;;;;;;;;;;;;;;;;;
;;;;;;;;;;;;;;;;;;;;;;;
;;;;;;;;;;;;;;;;;;;;;;;
;;;;;;;;;;;;;;;;;;;;;;;
;;;;;;;;;;;;;;;;;;;;;;;
;;;;;;;;;;;;;;;;;;;;;;;
;;;;;;;;;;;;;;;;;;;;;;;
;;;;;;;;;;;;;;;;;;;;;;;
;;;;;;;;;;;;;;;;;;;;;;;
;;;;;;;;;;;;;;;;;;;;;;;
;;;;;;;;;;;;;;;;;;;;;;;
;;;;;;;;;;;;;;;;;;;;;;;
;;;;;;;;;;;;;;;;;;;;;;;
;;;;;;;;;;;;;;;;;;;;;;;
;;;;;;;;;;;;;;;;;;;;;;;
;;;;;;;;;;;;;;;;;;;;;;;
;;;;;;;;;;;;;;;;;;;;;;;
;;;;;;;;;;;;;;;;;;;;;;;
;;;;;;;;;;;;;;;;;;;;;;;
;;;;;;;;;;;;;;;;;;;;;;;
;;;;;;;;;;;;;;;;;;;;;;;
;;;;;;;;;;;;;;;;;;;;;;;
;;;;;;;;;;;;;;;;;;;;;;;
;;;;;;;;;;;;;;;;;;;;;;;
;;;;;;;;;;;;;;;;;;;;;;;
;;;;;;;;;;;;;;;;;;;;;;;
;;;;;;;;;;;;;;;;;;;;;;;
;;;;;;;;;;;;;;;;;;;;;;;
;;;;;;;;;;;;;;;;;;;;;;;
;;;;;;;;;;;;;;;;;;;;;;;
;;;;;;;;;;;;;;;;;;;;;;;
;;;;;;;;;;;;;;;;;;;;;;;
;;;;;;;;;;;;;;;;;;;;;;;
;;;;;;;;;;;;;;;;;;;;;;;
;;;;;;;;;;;;;;;;;;;;;;;
;;;;;;;;;;;;;;;;;;;;;;;
;;;;;;;;;;;;;;;;;;;;;;;
;;;;;;;;;;;;;;;;;;;;;;;
;;;;;;;;;;;;;;;;;;;;;;;
;;;;;;;;;;;;;;;;;;;;;;;
;;;;;;;;;;;;;;;;;;;;;;;
;;;;;;;;;;;;;;;;;;;;;;;
;;;;;;;;;;;;;;;;;;;;;;;
;;;;;;;;;;;;;;;;;;;;;;;
;;;;;;;;;;;;;;;;;;;;;;;
;;;;;;;;;;;;;;;;;;;;;;;
;;;;;;;;;;;;;;;;;;;;;;;
;;;;;;;;;;;;;;;;;;;;;;;
;;;;;;;;;;;;;;;;;;;;;;;
;;;;;;;;;;;;;;;;;;;;;;;
;;;;;;;;;;;;;;;;;;;;;;;
;;;;;;;;;;;;;;;;;;;;;;;
;;;;;;;;;;;;;;;;;;;;;;;
;;;;;;;;;;;;;;;;;;;;;;;
;;;;;;;;;;;;;;;;;;;;;;;
;;;;;;;;;;;;;;;;;;;;;;;
;;;;;;;;;;;;;;;;;;;;;;;
;;;;;;;;;;;;;;;;;;;;;;;
;;;;;;;;;;;;;;;;;;;;;;;
;;;;;;;;;;;;;;;;;;;;;;;
;;;;;;;;;;;;;;;;;;;;;;;
;;;;;;;;;;;;;;;;;;;;;;;
;;;;;;;;;;;;;;;;;;;;;;;
;;;;;;;;;;;;;;;;;;;;;;;
;;;;;;;;;;;;;;;;;;;;;;;
;;;;;;;;;;;;;;;;;;;;;;;
;;;;;;;;;;;;;;;;;;;;;;;
;;;;;;;;;;;;;;;;;;;;;;;
;;;;;;;;;;;;;;;;;;;;;;;
;;;;;;;;;;;;;;;;;;;;;;;
;;;;;;;;;;;;;;;;;;;;;;;
;;;;;;;;;;;;;;;;;;;;;;;
;;;;;;;;;;;;;;;;;;;;;;;
;;;;;;;;;;;;;;;;;;;;;;;
;;;;;;;;;;;;;;;;;;;;;;;
;;;;;;;;;;;;;;;;;;;;;;;
;;;;;;;;;;;;;;;;;;;;;;;
;;;;;;;;;;;;;;;;;;;;;;;
;;;;;;;;;;;;;;;;;;;;;;;
